{
    "CEF":{
        "Ajustar":{
            "B20": 1.282958,
            "B40": -0.082031,
            "B4M3": 0.000410,
            "B43": 0.000737,
            "B60": 0.0,
            "B63": 0.0,
            "B66": 0.0,
            "B6M3": 0.0,
            "B6M6": 0.0
        },
        "NoAjustar":{
            
        }
    },
    "Acoplamientos":{
        "Ajustar":{
            "J1": 2.533448,
            "J2": 0.000028
        },
        "NoAjustar":{
            
            "QTbTb": 0.0
        }

    }

}